{
  "levels": [
    {
      "level": 1,
      "phase": "spark",
      "avatar_path": "assets/avatars_main/lv01.png",
      "stake_path": "assets/stake_monsters/lv01.png"
    },
    {
      "level": 2,
      "phase": "spark",
      "avatar_path": "assets/avatars_main/lv02.png",
      "stake_path": "assets/stake_monsters/lv02.png"
    },
    {
      "level": 3,
      "phase": "spark",
      "avatar_path": "assets/avatars_main/lv03.png",
      "stake_path": "assets/stake_monsters/lv03.png"
    },
    {
      "level": 4,
      "phase": "spark",
      "avatar_path": "assets/avatars_main/lv04.png",
      "stake_path": "assets/stake_monsters/lv04.png"
    },
    {
      "level": 5,
      "phase": "spark",
      "avatar_path": "assets/avatars_main/lv05.png",
      "stake_path": "assets/stake_monsters/lv05.png"
    },
    {
      "level": 6,
      "phase": "spark",
      "avatar_path": "assets/avatars_main/lv06.png",
      "stake_path": "assets/stake_monsters/lv06.png"
    },
    {
      "level": 7,
      "phase": "spark",
      "avatar_path": "assets/avatars_main/lv07.png",
      "stake_path": "assets/stake_monsters/lv07.png"
    },
    {
      "level": 8,
      "phase": "spark",
      "avatar_path": "assets/avatars_main/lv08.png",
      "stake_path": "assets/stake_monsters/lv08.png"
    },
    {
      "level": 9,
      "phase": "spark",
      "avatar_path": "assets/avatars_main/lv09.png",
      "stake_path": "assets/stake_monsters/lv09.png"
    },
    {
      "level": 10,
      "phase": "spark",
      "avatar_path": "assets/avatars_main/lv10.png",
      "stake_path": "assets/stake_monsters/lv10.png"
    },
    {
      "level": 11,
      "phase": "ember",
      "avatar_path": "assets/avatars_main/lv11.png",
      "stake_path": "assets/stake_monsters/lv11.png"
    },
    {
      "level": 12,
      "phase": "ember",
      "avatar_path": "assets/avatars_main/lv12.png",
      "stake_path": "assets/stake_monsters/lv12.png"
    },
    {
      "level": 13,
      "phase": "ember",
      "avatar_path": "assets/avatars_main/lv13.png",
      "stake_path": "assets/stake_monsters/lv13.png"
    },
    {
      "level": 14,
      "phase": "ember",
      "avatar_path": "assets/avatars_main/lv14.png",
      "stake_path": "assets/stake_monsters/lv14.png"
    },
    {
      "level": 15,
      "phase": "ember",
      "avatar_path": "assets/avatars_main/lv15.png",
      "stake_path": "assets/stake_monsters/lv15.png"
    },
    {
      "level": 16,
      "phase": "aquado",
      "avatar_path": "assets/avatars_main/lv16.png",
      "stake_path": "assets/stake_monsters/lv16.png"
    },
    {
      "level": 17,
      "phase": "aquado",
      "avatar_path": "assets/avatars_main/lv17.png",
      "stake_path": "assets/stake_monsters/lv17.png"
    },
    {
      "level": 18,
      "phase": "aquado",
      "avatar_path": "assets/avatars_main/lv18.png",
      "stake_path": "assets/stake_monsters/lv18.png"
    },
    {
      "level": 19,
      "phase": "aquado",
      "avatar_path": "assets/avatars_main/lv19.png",
      "stake_path": "assets/stake_monsters/lv19.png"
    },
    {
      "level": 20,
      "phase": "aquado",
      "avatar_path": "assets/avatars_main/lv20.png",
      "stake_path": "assets/stake_monsters/lv20.png"
    },
    {
      "level": 21,
      "phase": "legendary",
      "avatar_path": "assets/avatars_main/lv21.png",
      "stake_path": "assets/stake_monsters/lv21.png"
    },
    {
      "level": 22,
      "phase": "legendary",
      "avatar_path": "assets/avatars_main/lv22.png",
      "stake_path": "assets/stake_monsters/lv22.png"
    },
    {
      "level": 23,
      "phase": "legendary",
      "avatar_path": "assets/avatars_main/lv23.png",
      "stake_path": "assets/stake_monsters/lv23.png"
    },
    {
      "level": 24,
      "phase": "legendary",
      "avatar_path": "assets/avatars_main/lv24.png",
      "stake_path": "assets/stake_monsters/lv24.png"
    },
    {
      "level": 25,
      "phase": "legendary",
      "avatar_path": "assets/avatars_main/lv25.png",
      "stake_path": "assets/stake_monsters/lv25.png"
    },
    {
      "level": 26,
      "phase": "legendary",
      "avatar_path": "assets/avatars_main/lv26.png",
      "stake_path": "assets/stake_monsters/lv26.png"
    },
    {
      "level": 27,
      "phase": "legendary",
      "avatar_path": "assets/avatars_main/lv27.png",
      "stake_path": "assets/stake_monsters/lv27.png"
    },
    {
      "level": 28,
      "phase": "legendary",
      "avatar_path": "assets/avatars_main/lv28.png",
      "stake_path": "assets/stake_monsters/lv28.png"
    },
    {
      "level": 29,
      "phase": "legendary",
      "avatar_path": "assets/avatars_main/lv29.png",
      "stake_path": "assets/stake_monsters/lv29.png"
    },
    {
      "level": 30,
      "phase": "pikachu",
      "avatar_path": "assets/avatars_main/lv30.png",
      "stake_path": "assets/stake_monsters/lv30.png"
    }
  ]
}