{
  "1": "/avatars_main/lv01.png",
  "2": "/avatars_main/lv02.png",
  "3": "/avatars_main/lv03.png",
  "4": "/avatars_main/lv04.png",
  "5": "/avatars_main/lv05.png",
  "6": "/avatars_main/lv06.png",
  "7": "/avatars_main/lv07.png",
  "8": "/avatars_main/lv08.png",
  "9": "/avatars_main/lv09.png",
  "10": "/avatars_main/lv10.png",
  "11": "/avatars_main/lv11.png",
  "12": "/avatars_main/lv12.png",
  "13": "/avatars_main/lv13.png",
  "14": "/avatars_main/lv14.png",
  "15": "/avatars_main/lv15.png",
  "16": "/avatars_main/lv16.png",
  "17": "/avatars_main/lv17.png",
  "18": "/avatars_main/lv18.png",
  "19": "/avatars_main/lv19.png",
  "20": "/avatars_main/lv20.png",
  "21": "/avatars_main/lv21.png",
  "22": "/avatars_main/lv22.png",
  "23": "/avatars_main/lv23.png",
  "24": "/avatars_main/lv24.png",
  "25": "/avatars_main/lv25.png",
  "26": "/avatars_main/lv26.png",
  "27": "/avatars_main/lv27.png",
  "28": "/avatars_main/lv28.png",
  "29": "/avatars_main/lv29.png",
  "30": "/avatars_main/lv30.png"
}